customer_id,first_name,last_name,birth_date,phone,address,city,points
4001,Megan,Chang,1983-01-04,4876475938,"2194 Kyle Stream","Port Gabriellafort",CT
4002,Michael,Stewart,1997-12-20,877.840.8016,"753 Padilla Circles","New Jeffrey",FL
4003,Linda,West,1959-11-12,871-484-1858x39894,"96593 White View Apt. 094",Jonesberg,FL
4004,Sandra,Kirby,2001-12-23,+1-684-833-9694,"5159 Tom Roads Suite 330",Davebury,WY
4005,George,Simmons,1958-08-15,230-989-1013,"1510 James Ferry","South Jasonton",AK
4006,Amy,Oliver,1972-01-29,314-562-0870,"634 Strong Mountains","Lake Emily",AR
4007,Kristina,Moore,1965-05-30,841-972-0769x84564,"071 Stevenson Plains",Dennisfort,RI
4008,Keith,Howard,1997-07-07,+1-246-610-9352x337,"960 Savage Port Suite 027","West Jacquelinemouth",NM
4009,Rebecca,Munoz,1954-05-24,7547063812,"6503 Jennifer Alley","East Davidborough",ME
4010,Joshua,Good,1961-03-17,610.471.4285x1240,"34855 Meghan Squares",Josephmouth,NE
4011,Nathan,Medina,1968-07-13,(940)224-5551x5900,"29456 Kelly Neck Apt. 042","West Richardmouth",MT
4012,Daniel,Hoffman,1987-02-18,551.717.6045x2296,"13306 Corey Point",Shanefort,OR
4013,Jennifer,Robinson,1960-01-31,(349)263-5110x873,"6430 Cindy Cove","South Nicholas",FL
4014,Daniel,Carlson,1987-08-04,(966)875-7738,"55508 Nancy Rapids","Port Nicholas",VT
4015,Jasmine,Ruiz,1960-02-24,013.204.0752x27586,"189 Julie Throughway","West Amanda",MT
4016,Margaret,Olson,1980-10-30,+1-930-024-8945x174,"6602 John Stream Suite 007",Thomasland,UT
4017,Edward,Hatfield,1982-05-14,9767017200,"518 Lee Tunnel",Rodriguezton,UT
4018,Tanner,Chen,1977-05-19,+1-194-264-1830x6753,"1007 Santana Pike Apt. 318",Hunterville,NE
4019,Patricia,Henderson,1960-02-09,611-620-7660,"4151 Michael Burgs Suite 520","Port Michael",FL
4020,Jared,Harris,2000-03-28,001-104-509-3227x1754,"35574 Giles Plaza",Jackland,ND
4021,Beverly,Moore,1964-05-21,(358)332-4560,"061 David Hills",Yangberg,NE
4022,Kenneth,Gomez,1971-04-09,580.660.6573x547,"14189 Laura Mission",Lopezchester,HI
4023,John,Chavez,1990-01-01,(571)734-0797,"41489 Roger Terrace",Davisfort,IN
4024,Amy,Sullivan,1997-05-27,1400468967,"454 Caitlin Camp","Port Joseside",DE
4025,Alyssa,Wright,2006-03-30,(164)482-9838,"8644 Watson Road","East David",MS
4026,Richard,Mcdonald,1992-06-21,+1-457-637-7857x07427,"305 Myers Branch","Lake Michellefurt",MN
4027,Blake,Oliver,1972-10-14,+1-432-943-1675x6256,"72852 Renee Mills Suite 667",Blairborough,IL
4028,Brenda,Williams,1980-10-25,3125023949,"845 Ellis Roads",Carpenterfort,VT
4029,Thomas,Rogers,1957-04-06,0250402163,"373 Franklin Rest Apt. 558",Barryview,NC
4030,Bradley,Wood,1968-08-26,533.444.8647x53048,"77706 Stevens Crest","North Johnberg",IL
4031,Scott,Jones,1983-06-11,+1-602-373-2455,"84983 Waters Passage Suite 844","North David",VT
4032,Corey,Quinn,1971-04-27,408.860.1641,"84331 Leonard Fort Suite 749","East Lisa",NY
4033,Mark,Richards,1956-02-10,(622)812-3793,"236 Franklin Curve",Lesterville,AK
4034,Alicia,Howard,1985-05-24,038-277-8514x2963,"6030 Barber Gateway Suite 734",Emilyport,MI
4035,Ashley,Brown,1997-04-16,(507)003-0035,"56237 Thomas Inlet","Lake Mark",WA
4036,Ricky,Smith,1972-05-03,+1-870-916-6208,"821 Young Village","East Sonya",GA
4037,Julia,Massey,1992-08-04,(169)197-2990,"6007 Michael Skyway Apt. 738",Francisfurt,KY
4038,Linda,Blackburn,1955-05-25,848-708-9840X7616,"0040 Becker Prairie Suite 388",Paulview,DE
4039,Ashlee,Rivera,1970-11-26,001-852-250-9092,"4457 Burke Extension Apt. 290",Martineztown,NJ
4040,Renee,Beck,1999-06-30,001-493-186-4282x12918,"4440 Osborne Viaduct Suite 488",Veronicaborough,WY
4041,Ryan,Thomas,1954-10-17,001-829-657-0869x30582,"570 Ashley Garden",Jacobchester,OK
4042,Shane,Manning,1984-12-27,132.716.6446x59514,"0436 Graham Roads",Terryton,NH
4043,Michael,Carroll,1992-10-18,001-450-678-2019x550,"18705 Leroy Crossroad",Richardberg,FL
4044,Richard,Torres,1958-06-18,(227)080-8625,"82434 Graves Glen",Zacharymouth,FL
4045,Katherine,Cole,1964-10-15,9280513793,"252 Ingram Centers Apt. 850","North Ronaldstad",NV
4046,Matthew,Gray,1979-01-10,+1-125-022-0593x0604,"92516 Scott Rapids Suite 497",Whitemouth,KS
4047,James,Hughes,1978-09-22,105-026-9057,"1086 Johnson Path Apt. 155","South Tammyberg",NC
4048,Connie,Mitchell,1956-11-22,6528222239,"76033 Murphy Freeway Suite 326",Coxshire,MS
4049,Annette,Smith,1994-02-08,6220058000,"922 French Manor",Bradleymouth,IA
4050,Sandra,Cox,1969-02-18,+1-612-695-1663,"3637 Knapp Cliff Suite 485","New Cherylfort",IA
4051,Joshua,Carr,1980-12-24,+1-180-260-6661x7972,"7629 Gill Creek",Michaelstad,NJ
4052,Crystal,Molina,1967-09-15,295-460-4860x646,"2219 Martin Meadows",Fordland,NE
4053,Amy,Spencer,1965-11-27,(323)082-7594,"164 Matthew Parkway Suite 826",Jimmyfurt,MS
4054,Stacy,Hunt,1982-04-19,(122)099-8139x98149,"1001 Roth Orchard",Danielmouth,OR
4055,Heather,Estrada,2007-03-06,288.182.0286,"6409 Samantha Extension",Cunninghamfurt,CO
4056,Dawn,Sullivan,1970-04-02,707.914.8786x74238,"49271 Timothy Port Suite 814",Hallville,FL
4057,Michael,Davis,1999-03-13,2983006897,"8551 John Parks",Joshuatown,MI
4058,Stacey,Hicks,1977-08-02,149-635-6234,"754 Salazar Village","South Michaelfort",SD
4059,Jenna,Chen,1978-10-20,(456)417-4172x53257,"66787 Emma Parkway",Tommymouth,TX
4060,Aaron,Ruiz,1981-03-21,609.061.4352,"50300 Nichols Curve","Port Cassandraborough",WA
4061,Steven,Abbott,1989-10-16,+1-618-233-6670x636,"409 Padilla Views",Ericaberg,NC
4062,Christopher,Landry,2003-01-13,402-926-3953,"818 Heather Mountains Apt. 877","South Amy",MT
4063,Jonathan,Miller,1988-10-13,373-576-0708x67363,"7237 Ward Oval Apt. 813",Sarahville,FL
4064,Matthew,Cook,1996-09-13,(763)673-2605,"528 Hernandez Spurs",Nolanshire,PA
4065,Scott,Sanchez,1995-06-28,830-002-3793x18645,"325 Robbins Lock Suite 571","East Karen",FL
4066,Stephanie,Long,1985-12-15,001-835-006-3169x968,"028 Parker Plains","North Cassidyfort",AL
4067,James,Jensen,1978-11-21,103-909-8527x4197,"66853 Walls Cape Apt. 599",Brownhaven,NE
4068,Luis,Daniel,1956-01-16,692-201-6304,"1545 Julie Plains Apt. 588","East Rebeccatown",KS
4069,Martin,Cooper,1961-02-23,+1-861-491-8192x708,"1832 Raymond Rest",Baileyview,MI
4070,Terri,Kelley,1968-01-20,752.480.1545,"90412 Werner Passage",Michelleland,NY
4071,Amanda,Ortiz,1959-11-10,001-752-436-4000,"55840 Melissa Square Apt. 490",Barnesshire,KS
4072,Stephanie,Lozano,1990-08-24,716.528.0376x0314,"27058 Martinez Gateway",Campbellfurt,NJ
4073,Heidi,Mcintosh,1965-07-26,001-853-323-4228x480,"62382 Julie Pine",Laurentown,NH
4074,Kristy,Boone,1958-08-20,(268)636-8871x21801,"367 Rollins Key",Scottland,WV
4075,Eric,Sanchez,1968-09-03,0817372984,"255 Gallegos Hills",Dennisfort,VA
4076,Savannah,Foley,1995-10-20,(574)727-4559x6696,"933 Robinson Passage Apt. 829",Starkview,ME
4077,Stephen,Santos,1957-12-09,001-347-103-9140x3292,"400 Cathy Expressway Suite 367",Micheleland,NE
4078,Kimberly,Lyons,2006-08-28,(098)453-6352,"2998 Willis Wall","North Brian",PA
4079,Anthony,Holland,1963-08-13,164.593.0525x47795,"172 William Points Suite 976","New Sandra",DC
4080,Gina,Hess,2007-01-28,912-741-6441,"810 Cathy Trail Apt. 166",Blackwellmouth,DC
4081,"  Christopher  ",Myers,1993-10-21,001-303-600-9628x4668,"782 Dawn Radial","Port Christopher",LA
4082,Joseph,Lewis,2000-12-23,0810422821,"52591 Nathan Glen Suite 577","North Lesliefurt",MO
4083,Amy,Arnold,1989-09-07,326-852-1220,"911 Cunningham Knoll Suite 695",Huntbury,NY
4084,Benjamin,Reyes,1979-04-18,803-917-1569x38088,"95052 Adams Orchard",Smithbury,SD
4085,Thomas,Swanson,1977-10-25,+1-207-826-4973x07992,"9569 William Lock Apt. 564","East Jonathan",ND
4086,Brenda,Reilly,1979-09-16,395.925.3248x289,"7329 Jacobs Station","New Tylerborough",MS
4087,Joshua,Harris,1982-01-24,003-392-8714x84765,"10524 Parker Mall Suite 531","Port Courtneyhaven",TN
4088,Brandi,Rivera,2004-04-07,+1-193-001-4196x299,"4229 Derrick Wells","West Tyler",FL
4089,Jessica,Nelson,1959-09-23,(623)905-8724,"949 Adam Divide","Lake Barbara",MT
4090,David,Washington,1957-03-08,532.757.3431x57458,"48612 Wilson Ramp Apt. 827","South Jose",ND
4091,James,Moody,2004-09-06,475-680-5668,"892 Kevin Mills",Clarkborough,CO
4092,Connor,Morales,1988-11-14,+1-720-333-1966x18383,"1318 Cassandra Plaza","  Burkeview  ",NJ
4093,Danielle,Morrison,1956-05-09,(530)373-8302x377,"446 Rojas Shores",Natalieland,DE
4094,Margaret,Wood,1996-09-03,+1-132-630-7428x5218,"1533 Boyd Manors Suite 602",Jonesberg,ID
4095,Maria,Burns,1964-12-17,001-296-431-2278,"04791 Holland Courts Apt. 738","North Michelleshire",NH
4096,Lorraine,Mclaughlin,1971-11-14,001-862-319-8273x032,"299 Carlos Harbors","West Cindyshire",KS
4097,Beth,Braun,2002-08-02,270-554-6604,"19238 Shawn Well","Port Johnshire",OH
4098,Tiffany,Page,2003-02-04,001-863-417-4344,"2706 Williams Trail",Williamchester,RI
4099,Megan,Manning,1967-08-21,(041)643-7748,"97420 Matthew Station Apt. 064",Christyborough,MT
4100,Kimberly,Anderson,1998-01-03,357-725-6665,"87210 Pena Freeway",Walshville,AR
4101,Emma,Phillips,1965-12-26,481-850-2015x5733,"974 Sharon Locks Apt. 101",Jennyport,DE
4102,Walter,Turner,1960-09-07,894-031-2722,"2790 Smith Crossing Apt. 416","West Jennifer",NH
4103,Deanna,Wagner,1979-06-08,(609)693-4585,"745 Rowe Ferry Apt. 750",Thomasport,IA
4104,Andrew,Garcia,2004-01-05,236.958.2076x77503,"72188 Austin Fords","South Andrewfort",WA
4105,Matthew,Melendez,1967-11-04,+1-467-841-0156x663,"6806 Nunez Drives Suite 669",Terrystad,MT
4106,Lisa,Willis,2006-12-14,(506)774-1353,"95227 Kimberly Fall Apt. 320",Leonardburgh,MO
4107,Scott,Rubio,1956-12-19,(721)174-4460,"7104 Sarah Motorway Suite 836","South Billyland",AL
4108,Kenneth,Brown,1956-08-22,+1-029-271-9208x211,"131 Reynolds Crescent",Robbinsmouth,VA
4109,Pamela,Fernandez,1963-10-17,(682)180-8316x585,"3912 Horn Lakes Suite 585","North Aaronview",TX
4110,Heather,Delgado,1963-09-14,(177)244-2025,"18724 Lopez Crescent Apt. 561",Kimfurt,MI
4111,Anthony,Rivera,1981-03-16,6842404156,"432 Wood View","East Tylershire",OR
4112,Charles,Mitchell,2001-08-07,+1-040-092-5263x98308,"8799 Stuart Key",Davetown,MN
4113,Jacob,Booth,1969-11-28,001-690-397-6622x6673,"29042 Wendy Glen Apt. 648",Floreschester,NH
4114,David,Jacobs,1971-11-17,469-807-8836x460,"8140 Trevor Valleys",Vaughanstad,NJ
4115,Alexandria,Peters,2004-04-10,001-792-909-5346x131,"727 Mathis Wall","South Kimberly",KS
4116,Travis,Fletcher,2003-08-13,058.468.9142,"15300 Ruiz Ports","East Courtneyshire",OK
4117,Jonathan,Turner,1963-04-11,505.119.1449x520,"6316 Acevedo Meadows Suite 626","Port Roger",ID
4118,Joseph,Pacheco,1986-01-12,547-532-7253x72189,"521 Martin Knolls Apt. 165",Kyletown,TN
4119,Debra,Fowler,1965-12-10,+1-273-184-1061,"7220 Edward Crest Suite 914","New Beverlyborough",WA
4120,Rachel,Bruce,1981-10-23,(874)526-4221,"857 Martin Manors",Stephenton,MI
4121,Gregory,Perez,1970-02-13,276-153-1523,"857 Lawrence Route",Valenzuelaview,LA
4122,Andrew,Cohen,1966-08-26,388-147-2107x888,"5953 Braun Drive Apt. 720","New Melissaberg",DE
4123,Brian,Solomon,1999-10-24,103.256.8956,"0939 Norma Street","South Ericborough",OR
4124,Daisy,Velazquez,1975-12-03,001-447-586-7548x47856,"4037 Powell Streets Apt. 273","New Shelley",CA
4125,Molly,Nelson,1988-11-02,(927)173-6210,"119 Dylan Fords",Michaelville,NM
4126,David,Berry,1989-12-06,939.979.4126,"322 Hill Springs",Garymouth,CT
4127,Karen,Foster,1958-08-18,563.569.1517,"3605 Jackson Corners Suite 709","Port Donald",OK
4128,Matthew,Manning,2001-07-26,647-406-0712,"4927 Smith Islands Apt. 604","New Lindsay",CO
4129,Robert,Sherman,1985-03-15,+1-265-285-9211,"37306 Baker Ramp",Scotthaven,AZ
4130,Larry,Griffin,1969-07-21,001-708-965-3954x22431,"624 Page Road Apt. 601","South Robert",TX
4131,Ashley,Nichols,1969-01-30,789-122-9990x74380,"00932 Fischer Flats Suite 991","West Meghan",WY
4132,Aaron,Benitez,1977-02-22,+1-483-940-9651x5451,"250 Mary Ranch Suite 063",Hudsonport,AL
4133,Gregory,Berry,1990-12-30,001-266-9238,"06642 Johnson Island",Stonehaven,MI
4134,Caitlin,Byrd,1982-08-23,803.572.9330x3145,"422 Hill Light Apt. 972",Floydchester,MS
4135,David,Welch,1996-10-12,001-509-833-8673x918,"24051 Christine Route","New Robert",WV
4136,Kristina,Taylor,1989-06-10,794.603.9435,"475 Brown Greens","West Justinmouth",IA
4137,Tiffany,Gonzalez,2001-01-03,(184)256-0808x6143,"118 Craig Knoll Apt. 214",Gordonport,ND
4138,Betty,Allen,1986-11-21,564.512.7582,"6759 Washington Haven","South Hannahland",OR
4139,Gregory,Hines,1981-03-12,416.948.0906,"533 Denise Coves Apt. 892",Michaelhaven,NE
4140,Kimberly,Velazquez,1995-02-21,(520)521-8593,"817 Mitchell Ridges","East Blakefurt",NY
4141,Jennifer,Robinson,1994-06-04,417-201-7454x70553,"556 Andre Road Suite 690","West Andrewberg",DC
4142,Brent,Mcintyre,1974-04-01,539.136.5401,"6327 Eric Alley Apt. 901",Katrinabury,IN
4143,Tyler,Collins,1979-11-17,001-857-980-3233x1210,"967 Foster Street",Jacquelineborough,RI
4144,Kevin,Carter,1981-09-26,+1-807-993-6484x159,"847 Garcia Radial Suite 516",Juliaville,VT
4145,Mark,Chapman,1992-04-23,900.047.1807,"8443 Morrison Neck",Markshire,PA
4146,Shelly,Schroeder,1961-08-26,126-745-4932x87747,"28045 Ward Lights",Grantport,NJ
4147,Bradley,Gordon,1976-02-11,951-507-9259x447,"2353 Morgan Causeway",Wallacefurt,PA
4148,Mary,Nguyen,2000-07-16,7432716804,"00468 Pham Isle",Silvaview,IN
4149,Brandon,Meyer,1984-06-25,065.083.1830x85239,"762 Baker Camp Suite 454","South Adam",WI
4150,Erin,Garcia,1995-02-14,920-082-9212x28266,"4590 Brianna Branch",Kimberlystad,CO
4151,Valerie,Lowe,1979-08-20,(163)594-2382x928,"9989 Christina Knolls",Taylormouth,MO
4152,Robert,Davis,1964-07-30,257-155-4526x332,"693 Michael Burgs Suite 691","South Keithborough",AL
4153,Monica,Austin,1981-11-17,+1-779-666-0422x518,"96324 Stephanie Mount Suite 758","West Ashley",NM
4154,Heather,Nelson,1979-10-29,4963039624,"69757 Anthony Rapid",Sandovalchester,ME
4155,Lauren,Roberts,1988-04-30,693-732-7706x384,"44223 Anderson Key Apt. 992","North Davidview",LA
4156,Justin,Brown,1993-05-17,(164)598-8418x800,"697 Wu Radial Apt. 166","New Valerieview",WI
4157,Amy,Barron,1964-08-12,0265055899,"119 Jason Row Suite 201","Lake Michaelchester",UT
4158,Debbie,Jenkins,1977-06-01,124-323-6633,"463 Lisa Ridges",Melissamouth,NY
4159,Jesus,Riley,1992-11-30,9146101551,"34911 Castillo Islands Apt. 232","Lake Ashleymouth",OH
4160,Andrea,Coleman,1971-03-26,915.241.7737,"3729 Marisa Lodge Suite 646","East Jessica",NM
4161,Daniel,Young,1977-11-19,+1-940-473-6349x50506,"800 Richard Road",Shawntown,OH
4162,Patrick,Fisher,2004-07-03,5005190819,"99641 Henry Wall","New John",PA
4163,Robin,Ross,1957-11-12,871.326.7133x12676,"380 Moore Park Apt. 046",Wadechester,WI
4164,Danielle,Patel,1958-10-03,883-543-8644x6553,"4313 Hahn Estates",Jasonmouth,IA
4165,Joshua,Mays,1981-02-04,977-121-8440,"3092 Robert Isle Suite 604",Stanleyshire,AL
4166,Rebecca,Johnson,1996-05-02,+1-325-628-4731,"93320 Scott Hollow Apt. 679","North Gary",AL
4167,Aimee,Gomez,1975-09-19,7834606772,"188 Alexandra Road",Morrisbury,PA
4168,Brian,Krueger,1973-05-18,992-170-7546,"82263 Jacobs Place","North Jerryshire",TN
4169,Kari,Burnett,1985-05-04,001-944-855-2178x1122,"3845 King Well Apt. 816","New Margaretchester",WY
4170,Charles,Garcia,1985-05-25,+1-262-680-5644x2197,"380 Sean Stream Suite 288","Lake Jamesport",IL
4171,Joseph,Palmer,2001-09-10,001-462-039-4374x0066,"215 Hall Track",Kaylahaven,OK
4172,Eric,Davis,1969-01-07,+1-066-453-8399x90733,"27301 Randy Manors Apt. 294",Dianashire,ME
4173,Todd,Rodriguez,2000-03-27,001-517-539-9015x734,"101 Savage Park Apt. 786",Mcmahonberg,NC
4174,Shawn,Heath,1996-12-28,001-521-995-7937x602,"8469 Diana Park Apt. 747",Sharonland,ME
4175,Jason,Morse,1982-11-13,572.751.4939x284,"08987 Ramirez Avenue",Bellchester,UT
4176,Rhonda,Williams,1983-03-11,001-106-793-1402x79010,"72333 Bryan Mission Suite 521","Port Donnaton",AR
4177,Dana,Friedman,1981-09-19,001-407-418-2155x83899,"848 Eric Knoll","North Justinchester",KS
4178,Alyssa,Rodriguez,1981-06-28,206-809-4953,"00351 Justin Mountain","Port Danielbury",KY
4179,Rachel,Garza,2004-01-19,+1-128-155-4501x64540,"5331 Reed Shore","East Gregorybury",OH
4180,Christopher,Huber,1988-06-20,001-605-379-9378x17359,"9906 Leslie Manors Suite 325",Mckayside,LA
4181,Jennifer,Benson,1967-04-12,163.230.5611,"2257 Morgan Trafficway",Tammychester,GA
4182,Vicki,Byrd,1999-07-04,268.551.0255x314,"017 Allen Mountains Apt. 313","Lake Tabitha",PA
4183,James,Watson,1974-08-08,001-405-905-2616x827,"505 Christopher Oval Apt. 380","South Coryberg",NJ
4184,Bailey,Rocha,1993-05-08,(080)932-9272x7308,"776 Roberson Terrace",Morganside,SC
4185,Cory,Jackson,2000-02-10,+1-077-746-3005x6739,"395 Heather Turnpike",Amandaburgh,RI
4186,Ruth,Barajas,1971-10-30,(319)562-6871x4655,"6403 Richardson Course Suite 066","New Ronald",SD
4187,Crystal,Dennis,1998-03-04,+1-651-034-1341x32396,"2387 Karen Oval Apt. 047",Jamesside,SC
4188,Melanie,Parks,1977-08-01,225-645-7762x9734,"670 Orozco Walks Suite 505",Diazmouth,CA
4189,Whitney,Decker,1990-10-13,496-571-5768x0685,"0978 Robinson Stravenue","West Zacharyside",PA
4190,Amanda,Robinson,1962-03-14,618.045.5072x89099,"7498 Kelly Gateway Apt. 733",Lisaborough,OK
4191,Jennifer,Hernandez,1980-07-20,399.362.7491,"430 Michael Mission",Larryfurt,IN
4192,Erica,Watson,1995-10-25,565-182-9799,"548 Erin Valleys Apt. 214","Lake Rachaelbury",NY
4193,Sandy,Chandler,1992-06-09,(189)703-8606x698,"15684 Trevor Extensions",Abigailfort,MN
4194,Corey,Mcclure,1954-07-08,572-840-1727x48229,"382 Johnson Valley",Karenchester,IN
4195,Sandra,Huff,2004-12-02,998.199.9740x5871,"95092 Bates Falls Suite 736",Courtneyside,AL
4196,Nathan,Morgan,1984-10-05,769.956.6732,"30702 Frank Forest Apt. 163","East Nicholasville",MA
4197,William,Perez,1985-06-29,1138118191,"47982 Huerta Hill","West Joshua",VA
4198,Dana,Martin,1999-10-15,329.676.0929,"1060 Jason Inlet","Lake Jamesshire",MS
4199,Samuel,Kennedy,1973-01-23,001-157-659-0019x977,"780 Sanchez Forks",Kristinehaven,WV
4200,Antonio,Myers,2001-07-13,335.091.0135,"643 Samuel Mount","New Clayton",OH
4201,Hunter,Martinez,1977-08-11,001-214-643-2133,"0128 Stephenson Greens Apt. 113","East David",NM
4202,Morgan,Hanson,1961-05-19,(682)069-9292x658,"353 Li Causeway",Dicksonmouth,ND
4203,Manuel,Stewart,1965-06-29,5718964982,"071 Sean Ramp",Shellytown,RI
4204,Michael,Ortega,1955-06-07,+1-070-210-4411x139,"559 Johnson Village",Chandlerfurt,RI
4205,Anthony,Kelly,1976-04-03,(636)004-9834,"064 Andrew Ridge","Lake Shaun",FL
4206,Martha,Roberson,2003-12-26,468-187-3440x59494,"458 Hill Lane",Rodriguezland,ID
4207,Theresa,Thompson,2000-07-30,458.779.6387,"39749 Marisa Brooks Apt. 138",Santosmouth,CT
4208,Christopher,Phillips,1988-02-09,048.875.9728x307,"93041 Rogers Mall",Douglasfurt,DC
4209,Robert,Hall,1979-10-26,715.492.4038x443,"1875 Kevin Cove","East Jeffreyside",HI
4210,Nathan,Cook,1975-06-26,806.446.4100,"80829 Dorsey Extensions","New Tom",SD
4211,Tyler,Mercado,1992-02-18,513.322.4874,"3532 Mendoza Estates Apt. 664","West Deborah",TX
4212,David,Reynolds,1984-12-09,(390)498-0790x69920,"421 Joseph Brooks",Melanieville,MT
4213,Jillian,Potter,2001-08-03,297.657.8291,"9124 Denise Junctions Suite 951",Trevorville,DC
4214,Elizabeth,Hill,1963-01-14,255.833.9083,"2677 Lori Plains Suite 431",Moodyview,CO
4215,Connor,Hernandez,1969-10-21,820.728.7203x2390,"7459 Morris Hollow Suite 179",Briannachester,WA
4216,David,Smith,1990-08-23,001-530-181-4664,"0345 Kramer Islands Apt. 110",Michelleberg,AR
4217,Nicole,Turner,2007-01-11,938-583-3297x621,"655 Fields Mews Suite 306","West Charles",IN
4218,Allison,Webb,1994-03-13,7782861993,"685 Bradley Brooks Suite 962","East Darlene",RI
4219,Robert,Larson,1988-08-13,001-220-319-0391x10332,"6861 Lawrence Island",Martinezmouth,CA
4220,Wanda,Carter,2002-10-06,2155427633,"62798 Johns Square","Port Aaron",CT
4221,Andre,Hernandez,1976-09-22,001-018-842-4561,"048 Perry Island Suite 400",Cortezville,AZ
4222,Jason,Perez,1997-02-15,338.464.7799x63303,"243 Angela Lodge Suite 324","East Brianton",SD
4223,Carl,Rodriguez,2003-08-13,1269407139,"20974 Gilmore Rapids","Port William",MD
4224,Daniel,Wilson,1964-04-02,209.043.1447x7349,"4739 Rodriguez Lock Apt. 159","Lake Michelle",NY
4225,Erin,Smith,1982-02-03,(335)610-7644x694,"220 Gerald Island Suite 876","South Bruce",TX
4226,Wesley,Whitney,1999-02-07,996.949.9124x289,"2914 Torres Mews Apt. 738",Latoyatown,PA
4227,Emma,Parker,1982-01-20,001-565-963-5001x9861,"3555 Thomas Junction Apt. 454",Nicolechester,MO
4228,Jeffrey,Garcia,1972-09-13,242.400.3551x704,"3351 Jose Mountain",Robertstad,ND
4229,Jacob,Schroeder,1962-12-17,(418)948-2763x5445,"3146 Morgan Street","Lake Chadside",GA
4230,Stephen,Perkins,2005-11-13,020-574-9452x094,"77167 Austin Spring",Perezberg,NJ
4231,Sean,Wong,1978-06-12,001-684-777-5941x111,"671 Massey Brooks","East Kathy",MT
4232,Megan,Vega,1965-09-24,001-523-762-1527x125,"144 Hardin Prairie","South Thomas",AK
4233,Joseph,Waters,1981-08-11,001-145-886-4417,"7030 Andrew Manors","West Traci",WY
4234,Corey,Parker,1975-04-20,001-264-546-6984x9763,"742 Anna Curve",Sherriport,CT
4235,Levi,Smith,1958-11-04,001-580-497-6124,"95200 James Court","South Christopherborough",MI
4236,Jennifer,Welch,1965-04-07,001-388-927-6308x99697,"9881 Autumn Village","West Sherri",RI
4237,Robert,Mckenzie,1978-12-06,+1-966-436-6968x3710,"055 Lucero Roads Suite 981","Port Carlosport",HI
4238,Pamela,Manning,1999-09-18,193-046-4189,"23162 Jones Turnpike","South Kimberly",NC
4239,Jeffrey,Clements,1985-11-21,(795)321-4780,"67926 Ann Alley Apt. 895","Port Davidhaven",IN
4240,Jacqueline,Compton,1965-08-04,(531)632-3796x4524,"653 Jade Loop Apt. 643","Port Bobby",MA
4241,Rachael,Jacobs,2000-10-31,4372028357,"82278 Jennifer Rapid Apt. 620","Lake Ashley",NJ
4242,Adam,Powell,1991-03-10,470-570-7229,"5013 Christopher Loop Suite 315","West Lauren",MO
4243,Amy,Hall,1959-03-19,707.303.3498x2179,"2001 Troy Court Apt. 365",Brianhaven,WI
4244,Erika,Mills,2004-11-27,+1-515-404-0065x07952,"289 Lisa Spur",Guerraberg,KY
4245,Lori,Graves,1999-05-06,214.775.0235,"04290 Green Knolls","Lake Desireefurt",MD
4246,Richard,Bennett,1975-12-25,847.300.4529,"6302 Thompson Vista Suite 494","Lake Sarastad",OK
4247,Michael,Cooper,1989-09-08,001-593-834-0825x839,"3658 Salas Isle Suite 643","West Meganmouth",NH
4248,Rhonda,Hernandez,1991-01-23,814.321.4580x5802,"1936 Joseph Avenue Suite 894",Samanthahaven,PA
4249,Aaron,Ray,1970-09-29,742.603.3611x415,"1131 Krista Flats",Michellehaven,TN
4250,Sheila,Mcintyre,2000-04-27,383-413-9731x950,"230 Norman Squares Suite 936","New Michael",NY
4251,William,Simpson,1968-07-18,579.642.0740x1905,"9713 Mitchell Green Suite 895","West Edward",MI
4252,Christopher,Kerr,1981-07-25,592-684-4529,"37153 Buchanan Extension",Garrettside,OH
4253,Shawn,Washington,1963-04-14,785.980.3215x6769,"95224 Brandi Vista Suite 195","New Danielle",MD
4254,Derrick,Meyer,1995-09-17,816.645.7956x712,"7232 Tina Village Suite 298","New Deborah",IN
4255,Jeffrey,Russell,1997-07-20,(098)448-1074,"47087 Riley Junction Suite 684","North Christopherborough",KY
4256,Darlene,Newman,1999-01-09,+1-286-338-1050,"6702 Roman Ranch","West Dustinchester",NM
4257,Taylor,Le,1993-01-10,(355)929-6655,"71463 Stacey Pike Suite 340","Port Rhondatown",AR
4258,Vanessa,Beltran,1989-06-03,551-894-0201x85194,"9390 Gardner Meadow",Mcdanielmouth,DE
4259,Alisha,Ramos,2000-08-01,517-586-6189,"66500 Michael Turnpike",Robertsfort,VT
4260,Lawrence,Evans,1961-04-11,(270)764-5305x398,"64206 Jensen Fall",Phillipsside,KY
4261,Melvin,Lawson,1979-12-19,+1-996-163-0375x838,"7312 Jessica Trail",Davidton,TX
4262,Barbara,Mason,1965-09-07,(704)754-6968x1674,"64979 Hays Spur",Jessicaberg,ME
4263,Barbara,Thomas,1968-04-30,172-412-5879x0892,"340 Smith Route Suite 513","New Patrickfurt",OK
4264,Keith,Martinez,1992-05-05,583-386-2604,"07445 Robert Wells Apt. 903","East Christopherhaven",MO
4265,Rebecca,Horton,1961-09-30,351-228-3789,"9838 Merritt Passage",Wallaceshire,SD
4266,Karen,Russo,1977-11-03,800-521-3580x5839,"1101 Porter Road",Jimenezstad,AZ
4267,Kelsey,West,1991-05-07,265-076-9257x73599,"938 John Ways","New Gregorymouth",WI
4268,Emily,Fritz,2000-01-28,+1-107-002-0723x620,"80312 James Tunnel",Bensontown,NH
4269,Alexandra,Nelson,1955-11-29,001-727-313-7056x16269,"2684 Sharon Mall Apt. 508",Phillipsfurt,NV
4270,Cynthia,Kelly,1986-10-29,830.533.4466x44203,"738 Prince Parks","New Dominiquefort",AZ
4271,Andres,Sharp,1961-03-27,+1-391-832-6942x34997,"2438 Clark Village Apt. 824",Jeffreybury,WA
4272,Andrew,Morrison,1959-07-04,483.056.6785x6448,"594 Jessica Alley Suite 165",Loganstad,WY
4273,Eric,Smith,1994-08-03,123.447.9434,"239 Levy Isle","South Darryl",KS
4274,James,Foster,1957-04-25,(061)735-0278x76802,"71018 Sarah Plains",Elizabethstad,IL
4275,Theodore,Jones,1967-12-27,001-440-372-3500x7586,"80281 Tracy Tunnel","North Jeffrey",DC
4276,Tanya,Potter,1965-11-11,371.586.9793x314,"6244 Smith Via Apt. 370","Port Randyland",AL
4277,Jennifer,Hayes,1988-02-03,4943298448,"66815 Christian Meadow",Westchester,MT
4278,Jon,Glover,1964-07-13,001-888-996-0526x84050,"35313 Jason Ranch","West Andrea",MT
4279,Lauren,Steele,1987-12-16,001-269-052-9750x043,"697 Harris Land",Calhounstad,ND
4280,Ryan,Phillips,1984-01-22,479-100-4686x306,"573 Herrera Run","Lake Austinmouth",MT
4281,Tyler,Hill,1995-01-05,041-138-9532,"1501 Monica Crossing Apt. 676","West Tyler",ND
4282,Kayla,Lee,1976-11-04,+1-932-689-4416x85145,"651 Connie Neck","East Charlesport",DE
4283,Ariel,Hamilton,1971-08-01,001-196-385-3271x86182,"3252 Heidi Hills",Perryton,OH
4284,Charles,Owen,1966-08-03,001-377-061-4396x3111,"340 Michael Pines Apt. 906","East Daleland",MN
4285,Jason,Howell,1965-08-11,001-416-545-9813x366,"133 Zuniga Summit",Robertston,SC
4286,Bryan,Myers,1956-02-29,(101)904-0068x9827,"90633 Lisa Alley","North Donnaborough",SD
4287,Laura,Clark,1984-04-25,(855)906-6697x652,"36627 Beck Rue","South Lisaborough",AK
4288,Robert,Thompson,1998-11-24,565.523.9361,"893 Smith Falls Suite 558",Tinachester,NV
4289,Stephanie,Bailey,1971-03-21,(530)581-5490x142,"4181 Sherry Crest Apt. 839","East Annamouth",CT
4290,Charles,Taylor,1993-08-19,(524)874-3804,"3675 Dunlap Ranch","West Jerry",ME
4291,Donald,Nguyen,1992-07-23,175-913-4204,"14456 Taylor Shores","New Mariamouth",ME
4292,Ashley,Garcia,1984-08-09,001-616-147-4269x296,"28133 Evans Hill",Vasquezhaven,AZ
4293,Matthew,Carter,2002-05-04,+1-790-460-3134,"61983 Joseph Courts",Ortegafurt,DE
4294,Sergio,Smith,1965-06-25,(733)453-2273x722,"0241 Hicks Garden Suite 378","Lake Michealchester",OK
4295,Beth,Hebert,1988-04-29,(312)106-1595x125,"182 Gutierrez Ferry Apt. 054","East Rachel",AL
4296,April,Patel,1962-08-26,+1-032-960-2767x875,"1416 Kimberly Rue Apt. 151",Nealchester,MA
4297,Theresa,Blackburn,1957-04-12,824-490-2028x45694,"335 Brock Walks Suite 204","Port Joshua",WY
4298,Jessica,Palmer,1994-04-22,+1-616-776-6103x40392,"2369 Renee Brook","New Jacquelineview",KY
4299,Kayla,Maddox,1967-11-23,104-388-0581,"98177 Spencer Ports Suite 997","Port Kimberly",CT
4300,Amy,Kelley,1994-10-22,+1-006-967-3050x6937,"149 Anderson Haven","Lake Vanessa",WA
4301,Howard,Reynolds,1969-04-18,001-502-676-1640x432,"253 Michael Loop Apt. 315","South Mary",CT
4302,Jennifer,Parsons,1987-02-05,570.282.7372x64807,"71269 Jeffrey Lodge",Evansport,DE
4303,Chad,Kim,2001-07-24,001-632-510-4351x2386,"0196 Omar Point","Port Jenniferland",WV
4304,Danny,Brown,1982-08-06,001-999-065-9607x8457,"0443 Diane Forges","Lake Nicolebury",MT
4305,Makayla,Huang,1989-01-31,(212)688-3773,"42906 Huffman Pine",Andreafort,VT
4306,Jonathan,Rogers,1999-09-04,001-191-712-5516x4624,"084 Thomas Villages Suite 034",Sarahshire,WA
4307,Fernando,Obrien,1960-02-05,022-655-0125x56051,"952 Rodriguez Trail Suite 276",Grantfort,NE
4308,Leslie,Tucker,1982-03-07,(945)313-2960,"545 Moses Alley Apt. 546","South Jeffrey",CA
4309,Briana,Curtis,1994-05-12,6456256991,"4519 Scott Garden Apt. 172","Lake Clairestad",WA
4310,Brian,Torres,1965-05-21,857-919-9500,"16769 Hill Ports Apt. 343","Lake Crystalfort",AL
4311,Kathryn,Johnson,1954-08-28,257-781-6287,"7217 Steven Villages","North Kelseyshire",CO
4312,Daniel,Hernandez,1999-07-24,290.106.5515x679,"31270 Butler Dale","Lake Sarafurt",DE
4313,William,Hall,1971-04-06,+1-011-095-3515x253,"887 Bethany Shore",Makaylaberg,HI
4314,Sara,May,1978-01-13,(024)553-4964,"074 Erin Fields Apt. 747","North Mitchellbury",pa
4315,Deborah,Allen,1967-07-26,+1-612-414-2829x7666,"116 Parker Parks",Hintonchester,MO
4316,Thomas,Wright,1962-05-13,580-545-7199x2091,"04341 Barnes Circles Apt. 348","North Lorihaven",KY
4317,Mallory,Perez,1970-07-29,113-710-7256x6572,"63148 Cassandra Mountain",Mannfurt,CT
4318,Lisa,Brown,1976-02-14,"  422-903-1403x26965  ","9167 Stacie Ville","East Thomaschester",WV
4319,Jose,Miles,1975-07-25,(117)042-2623,"2327 Solomon Road","North Kathleenfurt",MT
4320,Melissa,King,1976-08-20,001-888-135-1503x86191,"406 Becky Union",Jenkinsville,WY
4321,Jason,Allison,2005-09-10,201.382.8497x3267,"4618 Watson Court","East Samanthaport",IN
4322,Scott,Conner,2000-08-20,373.933.4648,"9799 Eileen Track",Wrightmouth,SC
4323,Sierra,Jarvis,1981-12-21,(700)733-9836,"373 Bowman Via",Alicialand,WY
4324,Tyler,Wright,1962-06-17,872.419.8805,"2918 Hampton Pine",Andrewsshire,CA
4325,Curtis,Kennedy,2005-04-30,018.689.3956,"4671 Winters Stream Suite 332","Lake Michael",NM
4326,Sharon,Parks,2006-07-03,440.755.9350x231,"2316 Green Key Apt. 609","Port Misty",NJ
4327,Andrew,Perez,1969-09-17,001-755-685-5931x442,"54722 Julie Pass","East Paulfurt",NH
4328,Eileen,Aguilar,1980-04-06,238-569-2845,"645 Ricky Heights Suite 632","Lake Johnfurt",KS
4329,Annette,Mcclain,1986-09-17,001-344-338-5309x4497,"665 Aaron Crossroad Suite 113",Jessicafort,SC
4330,Stacey,Waller,2004-03-23,(174)357-6704x517,"493 Tara Circles Apt. 540","South Robert",MA
4331,Alexandra,Taylor,2006-03-04,(189)435-5416,"634 Dennis Ferry","East Justinview",OH
4332,Craig,Ortiz,1996-02-26,+1-511-618-2079x326,"9667 Derrick Cliff Apt. 774",Shaffershire,OH
4333,Joe,King,1986-10-07,6123077855,"4308 Davis Estates Suite 529",Gibsonland,DC
4334,Thomas,Jones,1983-07-29,708-586-0849x490,"2477 Evans Park","East Glenton",IA
4335,Robert,Gonzalez,2002-10-14,183.488.9839,"211 Perkins Union Suite 901",Byrdfort,RI
4336,Robert,Williams,1988-12-04,802-553-0342,"51009 Joshua View",Ryanfort,FL
4337,Nathaniel,Yu,1989-06-18,382.294.2249,"32644 Austin Dale","Lake Nicholas",NH
4338,Christopher,Rodriguez,2002-06-18,+1-056-311-8722,"4809 Sullivan Isle Apt. 558",Kennedymouth,SD
4339,Miguel,Ross,1967-04-11,(633)340-0687,"504 Jacob Fork","Lake Joshuaside",AK
4340,Kelsey,Jones,1958-06-03,(461)637-0284,"3085 Downs Crescent","New Dawnmouth",NY
4341,Nicholas,Myers,1971-09-25,639-072-6448x492,"190 Kennedy Forges Apt. 782","East Tara",VA
4342,Matthew,Simpson,1967-05-11,001-129-362-7062x39816,"902 Torres Plaza",Wilsonshire,AK
4344,Timothy,Johns,1985-01-04,858-203-4517x2681,"82146 Wesley Corner",Kristytown,WI
4345,Frank,Smith,1964-10-18,(423)990-9255,"982 Holmes Highway Apt. 671","West Kayla",WA
4346,Megan,Richardson,1984-04-21,307-604-3819x3532,"52991 Charles Rue Apt. 936","New Michael",CO
4347,Christina,Robertson,1976-12-15,+1-596-963-7011,"9514 Emma Club","Lake Jaime",AZ
4348,Deborah,Freeman,1962-05-20,373.923.3323,"27184 Kelly Drive","East Victoria",SD
4349,Christine,Stephens,1969-11-23,(200)727-2155,"14328 Jones Ports Suite 406",Anthonybury,VA
4350,Erica,Gaines,1964-12-01,(711)964-9849x9876,"923 Villanueva Court Suite 216","Port Timothyfurt",SC
4351,Brian,Fox,1988-06-24,(196)225-4563,"89961 Gregory Ville Suite 409",Phamport,WA
4352,Carla,Dodson,1996-06-08,801.898.6045,"76636 Thomas Trace",Michaelland,GA
4353,Jessica,Jones,1979-02-08,+1-836-013-2623x173,"2068 Cathy Burg","South Jessicashire",UT
4354,Stefanie,Marshall,1967-01-07,784-835-9681x198,"5883 Carl Loaf",Liport,RI
4355,Kenneth,Thompson,1963-01-28,+1-022-405-9662x02619,"795 Douglas Viaduct Suite 230",Jamesside,NY
4356,Justin,Obrien,1958-09-13,432.804.1769,"930 Hill Hills Suite 086","East Johnberg",NC
4357,Patrick,Dickson,2007-03-29,(553)445-2016x73359,"52593 Ortega Garden","  Valenciachester  ",AR
4358,Matthew,Ibarra,1958-07-22,001-514-090-4773x05686,"61328 Richmond Roads","North Jennifer",KY
4359,Teresa,Knight,1973-08-15,201-631-3670x064,"91984 Steven Islands","New Patrick",NE
4360,Melanie,Smith,2004-09-06,899.000.3430x41369,"8576 Espinoza Summit","North Cassidyview",LA
4361,Ryan,Mills,1965-05-04,664.940.4525x575,"627 Phillips Field Suite 260","South Ericside",NV
4362,Thomas,Munoz,1963-05-21,001-618-085-4885x265,"170 Vicki Land","West Richardville",GA
4363,Cynthia,Davis,1991-11-17,(166)261-6596x25368,"13507 Barnes Lock Suite 627",Josephburgh,OK
4364,Andrea,Hall,1998-11-29,001-216-272-3462x20231,"5728 Scott Ford",Powellfurt,PA
4365,Zachary,Gray,1967-01-17,766.042.6872,"847 Harvey Square","West Amanda",AK
4366,Justin,Huffman,1956-10-17,001-843-078-1999,"89233 Flores Green Apt. 398",Cameronbury,MD
4367,Jacob,Edwards,1972-01-03,+1-451-850-9847x7177,"26210 Randy Loop","West Katiehaven",ND
4368,Annette,Shaw,1980-04-15,(709)369-4267,"771 Abigail Keys","Port Martin",NH
4369,Michael,Leon,1981-07-15,(206)509-8787x21261,"305 Dale Squares Suite 850",Nelsonchester,CT
4370,Jessica,Peck,1978-01-17,+1-561-618-1428x626,"2184 Kimberly Meadow","Port Laurabury",MI
4371,Christopher,Thomas,1987-12-29,874-747-0017x49469,"533 Mitchell Key",Brianmouth,HI
4372,Manuel,Manning,1976-09-12,+1-654-478-7956x10043,"822 Tom Junctions",Obrienstad,NJ
4373,Stephen,Blevins,1979-06-21,6008538826,"64223 Caroline Fields Suite 988","Port Kathleenview",MT
4374,Dawn,Allen,1964-02-27,+1-055-441-0510x0323,"49826 Krystal Forest Apt. 702",Matthewchester,TX
4375,Hannah,Cochran,2004-05-13,580-898-3362x26009,"7306 Wallace Loaf Apt. 660",Walkerland,WI
4376,Charles,Jones,1959-02-26,001-018-242-7333x5951,"987 David Lock Apt. 482",Thomasborough,NM
4377,Ashley,Mcconnell,1984-04-22,(025)894-1304x2994,"54017 Alexander Trace","East Reneeshire",MI
4378,Dominique,Jackson,1962-05-23,001-518-288-5300,"7006 Blair Trace Apt. 138","South Rhonda",ND
4379,Lori,Garcia,1984-03-01,(092)344-3795,"16087 Katie Canyon Suite 199",Wagnershire,MN
4380,Levi,Webster,2006-12-15,+1-035-538-7552x2929,"65655 Smith Canyon Suite 986","East Joe",IL
4381,Jean,Mooney,1955-02-26,746.466.6518x0441,"758 Castro Meadows Apt. 171",Tylerburgh,LA
4382,Emily,Copeland,1996-10-26,933-962-3101x9112,"409 Robert Corner Suite 499",Liborough,OK
4383,Danny,Gray,1972-08-12,(836)339-1793,"196 Poole Lakes","Port Peterburgh",SC
4384,Megan,Miller,2002-11-21,6768592319,"795 Martinez Squares Suite 502","Port Andrewview",OH
4385,Sarah,Martinez,2006-03-15,+1-317-773-0834,"56132 Richards Lodge Suite 020","New David",SD
4386,Spencer,Stewart,1971-11-13,001-039-654-9487x83664,"953 Jennifer Mountain Apt. 033",Mccallborough,CA
4387,Rachel,Blevins,1982-08-13,(729)962-9221x1084,"40940 Nunez View","Port Janet",VA
4388,Connie,Graham,1972-04-02,4372706871,"0748 Jack Ford Suite 324",Brownview,AZ
4389,Megan,Freeman,1990-06-20,094-359-8882x8629,"559 Paul Stravenue Suite 955","New Kathleen",CA
4390,Carrie,Goodwin,1981-02-20,7938664639,"709 Stein Court Apt. 786",Jennifertown,DE
4391,Diana,Mills,1978-08-11,9751880491,"88335 Ferguson Bridge Apt. 466",Millsborough,AK
4392,Jeffrey,Ford,1987-03-12,+1-365-130-9073x15227,"850 Joel Mews Suite 970",Chasemouth,CA
4393,Kristin,Murphy,1982-04-13,001-222-563-1646x303,"95793 Leach Branch",Davidshire,TX
4394,Bryan,Ramirez,1973-08-12,001-419-166-8759,"192 David Roads Apt. 286","South Gary",FL
4395,Christine,Wilson,1984-07-14,(889)420-0996x654,"9156 James Union Suite 095",Williambury,FL
4396,Helen,Gould,1980-03-26,673-676-9402,"96932 Richardson Stravenue Apt. 278",Charlesbury,RI
4397,Margaret,Carter,1957-02-21,(495)815-1880x86167,"508 Shaw Spurs",Warrenshire,ID
4066,Stephanie,Long,1985-12-15,001-835-006-3169x968,"028 Parker Plains","North Cassidyfort",AL
4159,Jesus,Riley,1992-11-30,9146101551,"34911 Castillo Islands Apt. 232","Lake Ashleymouth",OH
4054,Stacy,Hunt,1982-04-19,(122)099-8139x98149,"1001 Roth Orchard",Danielmouth,OR
NULL,Alice,Walker,1992-06-21,800-555-4321,"321 Elm St",Peoria,IL
NULL,Alvin,Balazuela,1986-06-06,800-111-1111,"P. Ansol","Quezon City",PH
4500,alvin,balazuela,1986-06-06,800-111-1111,"P. Ansol","Quezon City",PH
4600,domz,sanchez,1986-06-06,800-111-1111,"p. Ansol","quezon city",PH
